Document ID,Comment ID,Name,Email,Company,Date,Sentiment,Comment,Initial,Age Group,Gender,Location,Score,Tags,Theme
DOC-2024-001,CMT001,Rajesh Kumar,r.kumar@example.com,Tech Solutions Pvt. Ltd.,1/16/2024,Positive,"The proposed changes to board meeting requirements seem reasonable and well-thought-out. However, clause 3.2 needs clarification regarding virtual meetings, especially concerning the authentication process for directors joining remotely. I suggest adding specific guidelines for technical requirements and backup procedures.",R,31-50,Male,Urban,8.8,"excellent,digital transformation,streamline,support,modernization,global leader",Digital Transformation
DOC-2024-001,CMT002,Priya Sharma,p.sharma@example.com,Corporate Governance Institute,1/17/2024,Neutral,"I strongly suggest extending the compliance timeline for smaller companies as they may need more time to adapt to these new requirements. The current 30-day period seems insufficient for proper implementation, especially for companies with limited resources.",P,31-50,Female,Urban,9.2,"stakeholder engagement,transparency,accountability,digital-first,modern practices",Stakeholder Engagement
DOC-2024-001,CMT003,Amit Patel,a.patel@example.com,Digital India Foundation,1/18/2024,Positive,"Excellent initiative! The digital documentation requirement will significantly reduce paperwork and improve transparency. This aligns perfectly with the government's digital India vision. I recommend including provisions for data security and backup requirements.",A,18-30,Male,Urban,8.5,"digital documentation,streamline,reduce paperwork,modernize,security protocols",Digital Infrastructure
DOC-2024-001,CMT004,Suresh Gupta,s.gupta@example.com,Small Business Association,1/19/2024,Negative,"The proposed timeline is too aggressive for small businesses. We need at least 6 more months to comply with these regulations. Rushing this will lead to errors and penalties for many companies that lack the resources for such a quick transition.",S,51+,Male,Rural,3.2,"burden,SMEs,aggressive timeline,costs,phased implementation,financial support",Implementation Timeline
DOC-2024-002,CMT005,Dr. Meera Singh,meera.singh@taxconsultants.com,Tax Consultants India,7/16/2024,Positive,"The digital transaction incentives are a game-changer for modern businesses. This will significantly reduce the cash economy and improve tax compliance. I particularly appreciate the simplified filing for SMEs.",M,31-50,Female,Urban,8.9,"digital incentives,tax compliance,SME provisions,entrepreneurship",Digital Economy
DOC-2024-002,CMT006,Vikram Agarwal,vikram@agarwalgroup.com,Agarwal Group,7/17/2024,Neutral,"While the intent is good, the implementation timeline seems rushed. Small businesses will need more time to adapt to digital systems. The penalties for non-compliance are quite steep and may discourage innovation.",V,31-50,Male,Urban,5.5,"implementation timeline,small businesses,digital adaptation,penalties,innovation",Implementation Challenges
DOC-2024-002,CMT007,Priya Reddy,priya.reddy@fintech.in,Fintech Innovation Hub,7/18/2024,Positive,"Excellent provisions for fintech companies! The cross-border payment regulations will help us compete globally while maintaining compliance. This is exactly what the industry needed.",P,18-30,Female,Urban,9.1,"fintech,cross-border payments,global competition,compliance,industry",Fintech Innovation
DOC-2024-002,CMT008,Rajesh Malhotra,rajesh@malhotraenterprises.com,Malhotra Enterprises,7/19/2024,Negative,"The new reporting requirements are too burdensome for traditional businesses. Many of our clients are not tech-savvy and will struggle with the digital compliance. We need more training programs and support.",R,51+,Male,Rural,4.2,"reporting requirements,traditional business,tech-savvy,digital compliance,training",Digital Divide
DOC-2024-002,CMT009,Anita Joshi,anita.joshi@startup.com,Startup India Network,7/20/2024,Positive,"The SME tax relief provisions are fantastic! As a startup founder, this will significantly reduce our compliance burden and allow us to focus on growth. The digital-first approach aligns perfectly with our business model.",A,18-30,Female,Urban,9.1,"SME relief,startup,compliance burden,growth,digital-first",Startup Support
DOC-2024-002,CMT010,Suresh Kumar,suresh.kumar@manufacturing.co,Manufacturing Industries,7/21/2024,Neutral,"The amendments are comprehensive but need better clarification on implementation. Our manufacturing unit deals with many cash transactions from suppliers. How will this impact our supply chain?",S,31-50,Male,Urban,6.2,"manufacturing,cash transactions,suppliers,supply chain,implementation",Manufacturing Concerns
DOC-2024-002,CMT011,Dr. Kavitha Nair,kavitha@legaladvisors.in,Legal Advisory Services,7/22/2024,Positive,"From a legal perspective, these amendments strengthen our tax framework significantly. The enhanced reporting will improve transparency and reduce disputes. Well-drafted legislation.",K,31-50,Female,Urban,8.9,"legal perspective,tax framework,transparency,disputes,legislation",Legal Framework
DOC-2024-002,CMT012,Mohammed Ali,mohammed.ali@retail.com,Retail Business Association,7/23/2024,Negative,"Our retail business heavily relies on cash transactions. The digital push is too aggressive and will hurt small retailers. We need a phased implementation approach with better support.",M,51+,Male,Rural,3.8,"retail business,cash transactions,digital push,small retailers,phased implementation",Retail Challenges
DOC-2024-002,CMT013,Sunita Patel,sunita.patel@exports.com,Export Promotion Council,7/24/2024,Positive,"The cross-border payment regulations are excellent for exporters. This will streamline our international transactions and reduce documentation. Great initiative for Make in India.",S,31-50,Female,Urban,8.7,"cross-border payments,exporters,international transactions,documentation,Make in India",Export Promotion
DOC-2024-002,CMT014,Amit Shah,amit.shah@consulting.com,Management Consulting,7/25/2024,Neutral,"Good overall framework but needs more clarity on penalty structures. The current provisions seem to favor larger corporations over smaller businesses. Need more balanced approach.",A,31-50,Male,Urban,6.5,"framework,penalty structures,larger corporations,smaller businesses,balanced approach",Balanced Implementation
DOC-2024-002,CMT015,Rekha Sharma,rekha.sharma@accounting.com,Accounting Services,7/26/2024,Positive,"As a tax consultant, I welcome these changes. The simplified procedures will reduce client queries and improve efficiency. The digital integration is long overdue.",R,31-50,Female,Urban,8.5,"tax consultant,simplified procedures,client queries,efficiency,digital integration",Professional Services
DOC-2024-002,CMT016,Ganesh Iyer,ganesh@iyerenterprises.com,Iyer Enterprises,7/27/2024,Negative,"The compliance costs will be too high for small businesses. We need more government support for digital infrastructure. The current timeline is unrealistic and will hurt the traditional business community.",G,51+,Male,Rural,3.8,"compliance costs,small business,government support,digital infrastructure,traditional business",Cost Concerns
DOC-2024-002,CMT017,Deepika Mehta,deepika.mehta@technology.com,Technology Innovation Hub,7/28/2024,Positive,"Perfect timing for these amendments! The tech industry is ready for this transformation. This will accelerate India's digital economy growth and attract more investments.",D,18-30,Female,Urban,9.3,"tech industry,transformation,digital economy,investments,forward-thinking",Technology Innovation
DOC-2024-002,CMT018,Naveen Reddy,naveen@reddygroup.com,Rural Development Group,7/29/2024,Neutral,"The amendments are well-intentioned but need better stakeholder consultation. Rural businesses will face significant challenges. We need region-specific implementation strategies.",N,31-50,Male,Rural,5.8,"stakeholder consultation,rural businesses,challenges,region-specific,implementation strategies",Rural Development
DOC-2024-002,CMT019,Shilpa Gupta,shilpa.gupta@finance.com,Financial Services,7/30/2024,Positive,"The financial sector welcomes these changes. Enhanced reporting will improve market transparency and reduce fraud. This aligns with global best practices.",S,31-50,Female,Urban,8.7,"financial sector,enhanced reporting,market transparency,fraud,global best practices",Financial Services
DOC-2024-002,CMT020,Ravi Kumar,ravi.kumar@logistics.com,Logistics Solutions,8/1/2024,Negative,"Logistics companies deal with multiple cash transactions daily. The digital requirements are too complex for our operations. We need more time and better infrastructure.",R,31-50,Male,Rural,4.1,"logistics companies,cash transactions,digital requirements,operations,infrastructure",Logistics Challenges
DOC-2024-002,CMT021,Lakshmi Devi,lakshmi@devienterprises.com,Women Entrepreneurs Network,8/2/2024,Positive,"Excellent provisions for women entrepreneurs! The simplified procedures will encourage more women to start businesses. This is a progressive step for gender equality.",L,31-50,Female,Urban,8.7,"women entrepreneurs,simplified procedures,gender equality,economic inclusion",Gender Inclusion
DOC-2024-002,CMT022,Arun Joshi,arun.joshi@construction.com,Construction Industry Association,8/3/2024,Neutral,"Construction industry has unique challenges with cash transactions. The amendments need industry-specific considerations. We support the overall direction but need flexibility for different sectors.",A,31-50,Male,Rural,6.2,"construction industry,cash transactions,industry-specific,flexibility,sectors",Industry-Specific Needs
DOC-2024-002,CMT023,Sneha Agarwal,sneha@agarwal.com,Small Business Alliance,8/4/2024,Positive,"The SME provisions are exactly what we needed! As a small business owner, this will significantly reduce our compliance burden. Great initiative for economic growth.",S,31-50,Female,Urban,8.8,"SME provisions,small business owner,compliance burden,economic growth",SME Support
DOC-2024-002,CMT024,Prakash Singh,prakash@singh.com,Traditional Business Council,8/5/2024,Negative,"The penalty structure is too harsh for small businesses. We need more education and support before implementing such strict measures. The timeline is too aggressive.",P,51+,Male,Rural,3.5,"penalty structure,harsh,small businesses,education,support,strict measures",Penalty Concerns
DOC-2024-002,CMT025,Manju Verma,manju.verma@consulting.com,Policy Consulting,8/6/2024,Positive,"Comprehensive and well-thought-out amendments. The digital focus will modernize our tax system. This will improve India's ranking in ease of doing business.",M,31-50,Female,Urban,8.9,"comprehensive,well-thought-out,digital focus,modernize,ease of doing business",Policy Excellence
DOC-2024-003,CMT026,Adv. Rajesh Khanna,rajesh.khanna@legal.com,Legal Practice,8/11/2024,Positive,"The fast-track resolution for SMEs is a much-needed reform. The current 180-day timeline is too long for small businesses. This will help preserve value and jobs.",R,31-50,Male,Urban,8.8,"fast-track resolution,SMEs,reform,timeline,preserve value,jobs",SME Resolution
DOC-2024-003,CMT027,Dr. Priya Iyer,priya.iyer@banking.com,Banking Sector,8/12/2024,Neutral,"While the intent is good, the 90-day timeline might be too aggressive for complex cases. We need more clarity on what constitutes a simple case for fast-track resolution.",P,31-50,Female,Urban,6.5,"90-day timeline,aggressive,complex cases,clarity,simple case,fast-track resolution",Timeline Concerns
DOC-2024-003,CMT028,Suresh Kumar,suresh@kumar.com,Operational Creditors Association,8/13/2024,Negative,"The new creditor protection provisions favor financial creditors over operational creditors. This will hurt suppliers and small vendors who are often the most vulnerable.",S,51+,Male,Rural,4.2,"creditor protection,financial creditors,operational creditors,suppliers,vendors,vulnerable",Creditor Protection
DOC-2024-003,CMT029,Anita Sharma,anita.sharma@restructuring.com,Corporate Restructuring,8/14/2024,Positive,"The cross-border insolvency provisions are excellent and align with international standards. This will attract foreign investments and improve India's legal framework.",A,31-50,Female,Urban,8.9,"cross-border insolvency,international standards,foreign investments,legal framework",International Standards
DOC-2024-003,CMT030,Vikram Patel,vikram@patel.com,Insolvency Professionals,8/15/2024,Neutral,"The amendments are comprehensive but need better implementation guidelines. The role of resolution professionals needs more clarity, especially for fast-track cases.",V,31-50,Male,Urban,6.8,"amendments,implementation guidelines,resolution professionals,clarity,fast-track cases",Implementation Guidelines
DOC-2024-003,CMT031,Meera Gupta,meera.gupta@consulting.com,Insolvency Consulting,8/16/2024,Positive,"As an insolvency professional, I welcome these changes. The simplified procedures will reduce litigation and speed up resolutions. This is a step in the right direction.",M,31-50,Female,Urban,8.5,"insolvency professional,simplified procedures,litigation,speed up resolutions",Professional Efficiency
DOC-2024-003,CMT032,Arjun Singh,arjun.singh@creditor.com,Financial Creditors,8/17/2024,Negative,"The voting mechanism changes will make it easier for promoters to regain control. This defeats the purpose of the insolvency law and will lead to more fraud.",A,51+,Male,Rural,3.8,"voting mechanism,promoters,regain control,insolvency law,fraud",Voting Mechanism
DOC-2024-003,CMT033,Sunita Reddy,sunita.reddy@law.com,Corporate Law Practice,8/18/2024,Positive,"The amendments address key practical issues in the current law. The fast-track process will help preserve going concern value, which is crucial for successful resolution.",S,31-50,Female,Urban,8.7,"amendments,practical issues,fast-track process,going concern value,successful resolution",Practical Improvements
DOC-2024-003,CMT034,Ravi Agarwal,ravi@agarwal.com,Resolution Advisory,8/19/2024,Neutral,"Good overall framework but the implementation needs careful monitoring. We need more trained professionals to handle the increased caseload from fast-track resolutions.",R,31-50,Male,Urban,6.3,"framework,implementation,monitoring,trained professionals,caseload,fast-track resolutions",Capacity Building
DOC-2024-003,CMT035,Kavitha Nair,kavitha@nair.com,Supplier Association,8/20/2024,Positive,"The operational creditor protection is a welcome change. This will ensure that suppliers and vendors get fair treatment in the resolution process.",K,31-50,Female,Urban,8.4,"operational creditor protection,suppliers,vendors,fair treatment,resolution process",Supplier Protection
DOC-2024-003,CMT036,Prakash Joshi,prakash@joshi.com,Corporate Governance Institute,8/21/2024,Negative,"The amendments make it too easy for defaulting promoters to come back. This will encourage more defaults and reduce the deterrent effect of the insolvency law.",P,51+,Male,Rural,3.5,"amendments,defaulting promoters,come back,defaults,deterrent effect,insolvency law",Promoter Concerns
DOC-2024-003,CMT037,Deepa Mehta,deepa@mehta.com,International Business,8/22/2024,Positive,"The cross-border provisions will help Indian companies with international operations. This is essential for global integration and will attract foreign investments.",D,31-50,Female,Urban,8.8,"cross-border provisions,Indian companies,international operations,global integration,foreign investments",Global Integration
DOC-2024-003,CMT038,Naveen Kumar,naveen@kumar.com,Stakeholder Forum,8/23/2024,Neutral,"The amendments are well-intentioned but need more stakeholder consultation. The impact on different sectors needs careful consideration before implementation.",N,31-50,Male,Rural,6.1,"amendments,stakeholder consultation,impact,different sectors,careful consideration",Stakeholder Consultation
DOC-2024-003,CMT039,Shilpa Verma,shilpa@verma.com,Resolution Professional Association,8/24/2024,Positive,"As a resolution professional, these changes will make our job more effective. The streamlined process will help us focus on value maximization rather than procedural delays.",S,31-50,Female,Urban,8.6,"resolution professional,changes,effective,streamlined process,value maximization,procedural delays",Professional Effectiveness
DOC-2024-003,CMT040,Ganesh Reddy,ganesh@reddy.com,Asset Valuation Services,8/25/2024,Negative,"The fast-track resolution might compromise due diligence. We need to ensure that quick resolutions don't lead to undervaluation of assets or unfair treatment of stakeholders.",G,51+,Male,Rural,4.1,"fast-track resolution,due diligence,quick resolutions,undervaluation,unfair treatment,stakeholders",Due Diligence Concerns
DOC-2024-004,CMT041,CA Rajesh Agarwal,rajesh@agarwalca.com,Chartered Accountancy,8/21/2024,Positive,"The simplified annual return filing is a great relief for LLP partners. The current multiple form system was confusing and time-consuming. This will significantly reduce compliance burden.",R,31-50,Male,Urban,8.8,"simplified annual return,LLP partners,multiple form system,confusing,time-consuming,compliance burden",Simplified Filing
DOC-2024-004,CMT042,Adv. Priya Sharma,priya.sharma@legal.com,Legal Advisory,8/22/2024,Neutral,"While the digital compliance is good, we need better infrastructure for small LLPs in rural areas. The partner liability framework needs more clarity on what constitutes 'genuine business decisions'.",P,31-50,Female,Urban,6.5,"digital compliance,infrastructure,small LLPs,rural areas,partner liability framework,genuine business decisions",Infrastructure Needs
DOC-2024-004,CMT043,Suresh Kumar,suresh@kumar.com,Small LLP Association,8/23/2024,Negative,"The mandatory digital filing will be problematic for LLPs without proper IT infrastructure. We need a phased implementation approach and better support for smaller partnerships.",S,51+,Male,Rural,4.2,"mandatory digital filing,problematic,IT infrastructure,phased implementation,support,smaller partnerships",Digital Divide
DOC-2024-004,CMT044,Anita Verma,anita@verma.com,Professional Services LLP,8/24/2024,Positive,"The partner liability protection is excellent for encouraging entrepreneurship. This will give more confidence to professionals starting LLPs. The consolidated return system is much needed.",A,31-50,Female,Urban,8.6,"partner liability protection,encouraging entrepreneurship,confidence,professionals,LLPs,consolidated return system",Entrepreneurship Support
